name,address,city,phone,type
arnie morton's of chicago,435 s. la cienega blv.,los angeles,310/246-1501,american
arnie morton's of chicago,435 s. la cienega blvd.,los angeles,310-246-1501,steakhouses
art's delicatessen,12224 ventura blvd.,studio city,818/762-1221,american
art's deli,12224 ventura blvd.,studio city,818-762-1221,delis
hotel bel-air,701 stone canyon rd.,los angeles,310/472-1211,californian
bel-air hotel,701 stone canyon rd.,los angeles,310-472-1211,californian
cafe bizou,14016 ventura blvd.,sherman oaks,818/788-3536,french
cafe bizou,14016 ventura blvd.,sherman oaks,818-788-3536,french bistro
campanile,624 s. la brea ave.,los angeles,213/938-1447,american
campanile,624 s. la brea ave.,los angeles,213-938-1447,californian
chinois on main,2709 main st.,santa monica,310/392-9025,french
chinois on main,2709 main st.,santa monica,310-392-9025,pacific new wave
citrus,6703 melrose ave.,los angeles,213/857-0034,californian
citrus,6703 melrose ave.,los angeles,213-857-0034,californian
fenix,8358 sunset blvd. west,hollywood,213/848-6677,american
fenix at the argyle,8358 sunset blvd.,w. hollywood,213-848-6677,french (new)
granita,23725 w. malibu rd.,malibu,310/456-0488,californian
granita,23725 w. malibu rd.,malibu,310-456-0488,californian
grill on the alley,9560 dayton way,los angeles,310/276-0615,american
grill  the,9560 dayton way,beverly hills,310-276-0615,american (traditional)
restaurant katsu,1972 n. hillhurst ave.,los angeles,213/665-1891,asian
katsu,1972 hillhurst ave.,los feliz,213-665-1891,japanese
l'orangerie,903 n. la cienega blvd.,los angeles,310/652-9770,french
l'orangerie,903 n. la cienega blvd.,w. hollywood,310-652-9770,french (classic)
le chardonnay,8284 melrose ave.,los angeles,213/655-8880,french
le chardonnay (los angeles),8284 melrose ave.,los angeles,213-655-8880,french bistro
locanda veneta,3rd st.,los angeles,310/274-1893,italian
locanda veneta,8638 w. third st.,los angeles,310-274-1893,italian
matsuhisa,129 n. la cienega blvd.,beverly hills,310/659-9639,asian
matsuhisa,129 n. la cienega blvd.,beverly hills,310-659-9639,seafood
the palm,9001 santa monica blvd.,los angeles,310/550-8811,american
palm  the (los angeles),9001 santa monica blvd.,w. hollywood,310-550-8811,steakhouses
patina,5955 melrose ave.,los angeles,213/467-1108,californian
patina,5955 melrose ave.,los angeles,213-467-1108,californian
philippe's the original,1001 n. alameda st.,los angeles,213/628-3781,american
philippe the original,1001 n. alameda st.,chinatown,213-628-3781,cafeterias
pinot bistro,12969 ventura blvd.,los angeles,818/990-0500,french
pinot bistro,12969 ventura blvd.,studio city,818-990-0500,french bistro
rex il ristorante,617 s. olive st.,los angeles,213/627-2300,italian
rex il ristorante,617 s. olive st.,los angeles,213-627-2300,nuova cucina italian
spago,1114 horn ave.,los angeles,310/652-4025,californian
spago (los angeles),8795 sunset blvd.,w. hollywood,310-652-4025,californian
valentino,3115 pico blvd.,santa monica,310/829-4313,italian
valentino,3115 pico blvd.,santa monica,310-829-4313,italian
yujean kang's gourmet chinese cuisine,67 n. raymond ave.,los angeles,818/585-0855,asian
yujean kang's,67 n. raymond ave.,pasadena,818-585-0855,chinese
21 club,21 w. 52nd st.,new york,212/582-7200,american
21 club,21 w. 52nd st.,new york,212-582-7200,american (new)
aquavit,13 w. 54th st.,new york,212/307-7311,continental
aquavit,13 w. 54th st.,new york,212-307-7311,scandinavian
aureole,34 e. 61st st.,new york,212/ 319-1660,american
aureole,34 e. 61st st.,new york,212-319-1660,american (new)
cafe lalo,201 w. 83rd st.,new york,212/496-6031,coffee bar
cafe lalo,201 w. 83rd st.,new york,212-496-6031,coffeehouses
cafe des artistes,1 w. 67th st.,new york,212/877-3500,continental
cafe des artistes,1 w. 67th st.,new york,212-877-3500,french (classic)
carmine's,2450 broadway  between 90th and 91st sts.,new york,212/362-2200,italian
carmine's,2450 broadway,new york,212-362-2200,italian
carnegie deli,854 7th ave.  between 54th and 55th sts.,new york,212/757-2245,delicatessen
carnegie deli,854 seventh ave.,new york,212-757-2245,delis
chanterelle,2 harrison st.  near hudson st.,new york,212/966-6960,american
chanterelle,2 harrison st.,new york,212-966-6960,french (new)
daniel,20 e. 76th st.,new york,212/288-0033,french
daniel,20 e. 76th st.,new york,212-288-0033,french (new)
dawat,210 e. 58th st.,new york,212/355-7555,asian
dawat,210 e. 58th st.,new york,212-355-7555,indian
felidia,243 e. 58th st.,new york,212/758-1479,italian
felidia,243 e. 58th st.,new york,212-758-1479,italian
four seasons grill room,99 e. 52nd st.,new york,212/754-9494,american
four seasons,99 e. 52nd st.,new york,212-754-9494,american (new)
gotham bar & grill,12 e. 12th st.,new york,212/620-4020,american
gotham bar & grill,12 e. 12th st.,new york,212-620-4020,american (new)
gramercy tavern,42 e. 20th st.  between park ave. s and broadway,new york,212/477-0777,american
gramercy tavern,42 e. 20th st.,new york,212-477-0777,american (new)
island spice,402 w. 44th st.,new york,212/765-1737,tel caribbean
island spice,402 w. 44th st.,new york,212-765-1737,caribbean
jo jo,160 e. 64th st.,new york,212/223-5656,american
jo jo,160 e. 64th st.,new york,212-223-5656,french bistro
la caravelle,33 w. 55th st.,new york,212/586-4252,french
la caravelle,33 w. 55th st.,new york,212-586-4252,french (classic)
la cote basque,60 w. 55th st.  between 5th and 6th ave.,new york,212/688-6525,french
la cote basque,60 w. 55th st.,new york,212-688-6525,french (classic)
le bernardin,155 w. 51st st.,new york,212/489-1515,french
le bernardin,155 w. 51st st.,new york,212-489-1515,seafood
les celebrites,160 central park s,new york,212/484-5113,french
les celebrites,155 w. 58th st.,new york,212-484-5113,french (classic)
lespinasse,2 e. 55th st.,new york,212/339-6719,american
lespinasse (new york),2 e. 55th st.,new york,212-339-6719,asian
lutece,249 e. 50th st.,new york,212/752-2225,french
lutece,249 e. 50th st.,new york,212-752-2225,french (classic)
manhattan ocean club,57 w. 58th st.,new york,212/ 371-7777,seafood
manhattan ocean club,57 w. 58th st.,new york,212-371-7777,seafood
march,405 e. 58th st.,new york,212/754-6272,american
march,405 e. 58th st.,new york,212-754-6272,american (new)
mesa grill,102 5th ave.  between 15th and 16th sts.,new york,212/807-7400,american
mesa grill,102 fifth ave.,new york,212-807-7400,southwestern
mi cocina,57 jane st.  off hudson st.,new york,212/627-8273,mexican
mi cocina,57 jane st.,new york,212-627-8273,mexican
montrachet,239 w. broadway  between walker and white sts.,new york,212/ 219-2777,french
montrachet,239 w. broadway,new york,212-219-2777,french bistro
oceana,55 e. 54th st.,new york,212/759-5941,seafood
oceana,55 e. 54th st.,new york,212-759-5941,seafood
park avenue cafe,100 e. 63rd st.,new york,212/644-1900,american
park avenue cafe (new york),100 e. 63rd st.,new york,212-644-1900,american (new)
petrossian,182 w. 58th st.,new york,212/245-2214,french
petrossian,182 w. 58th st.,new york,212-245-2214,russian
picholine,35 w. 64th st.,new york,212/724-8585,mediterranean
picholine,35 w. 64th st.,new york,212-724-8585,mediterranean
pisces,95 ave. a at 6th st.,new york,212/260-6660,seafood
pisces,95 ave. a,new york,212-260-6660,seafood
rainbow room,30 rockefeller plaza,new york,212/632-5000,or 212/632-5100 american
rainbow room,30 rockefeller plaza,new york,212-632-5000,american (new)
river cafe,1 water st. at the east river,new york,718/522-5200,american
river cafe,1 water st.,new york,718-522-5200,american (new)
san domenico,240 central park s,new york,212/265-5959,italian
san domenico,240 central park s.,new york,212-265-5959,italian
second avenue deli,156 2nd ave. at 10th st.,new york,212/677-0606,delicatessen
second avenue deli,156 second ave.,new york,212-677-0606,delis
seryna,11 e. 53rd st.,new york,212/980-9393,asian
seryna,11 e. 53rd st.,new york,212-980-9393,japanese
shun lee west,43 w. 65th st.,new york,212/371-8844,asian
shun lee palace,155 e. 55th st.,new york,212-371-8844,chinese
sign of the dove,1110 3rd ave. at 65th st.,new york,212/861-8080,american
sign of the dove,1110 third ave.,new york,212-861-8080,american (new)
smith & wollensky,201 e. 49th st.,new york,212/753-1530,american
smith & wollensky,797 third ave.,new york,212-753-1530,steakhouses
tavern on the green,in central park at 67th st.,new york,212/873-3200,american
tavern on the green,central park west,new york,212-873-3200,american (new)
uncle nick's,747 9th ave.  between 50th and 51st sts.,new york,212/315-1726,mediterranean
uncle nick's,747 ninth ave.,new york,212-245-7992,greek
union square cafe,21 e. 16th st.,new york,212/243-4020,american
union square cafe,21 e. 16th st.,new york,212-243-4020,american (new)
virgil's,152 w. 44th st.,new york,212/ 921-9494,american
virgil's real bbq,152 w. 44th st.,new york,212-921-9494,bbq
chin's,3200 las vegas blvd. s,las vegas,702/733-8899,asian
chin's,3200 las vegas blvd. s.,las vegas,702-733-8899,chinese
coyote cafe,3799 las vegas blvd. s,las vegas,702/891-7349,southwestern
coyote cafe (las vegas),3799 las vegas blvd. s.,las vegas,702-891-7349,southwestern
le montrachet,3000 w. paradise rd.,las vegas,702/732-5111,continental
le montrachet bistro,3000 paradise rd.,las vegas,702-732-5651,french bistro
palace court,3570 las vegas blvd. s,las vegas,702/731-7547,continental
palace court,3570 las vegas blvd. s.,las vegas,702-731-7110,french (new)
second street grille,200 e. fremont st.,las vegas,702/385-3232,seafood
second street grill,200 e. fremont st.,las vegas,702-385-6277,pacific rim
steak house,2880 las vegas blvd. s,las vegas,702/734-0410,steak houses
steak house  the,2880 las vegas blvd. s.,las vegas,702-734-0410,steakhouses
tillerman,2245 e. flamingo rd.,las vegas,702/731-4036,seafood
tillerman  the,2245 e. flamingo rd.,las vegas,702-731-4036,steakhouses
abruzzi,2355 peachtree rd.  peachtree battle shopping center,atlanta,404/261-8186,italian
abruzzi,2355 peachtree rd. ne,atlanta,404-261-8186,italian
bacchanalia,3125 piedmont rd.  near peachtree rd.,atlanta,404/365-0410,international
bacchanalia,3125 piedmont rd.,atlanta,404-365-0410,californian
bone's,3130 piedmont road,atlanta,404/237-2663,american
bone's restaurant,3130 piedmont rd. ne,atlanta,404-237-2663,steakhouses
brasserie le coze,3393 peachtree rd.  lenox square mall  near neiman marcus,atlanta,404/266-1440,french
brasserie le coze,3393 peachtree rd.,atlanta,404-266-1440,french bistro
buckhead diner,3073 piedmont road,atlanta,404/262-3336,american
buckhead diner,3073 piedmont rd.,atlanta,404-262-3336,american (new)
ciboulette,1529 piedmont ave.,atlanta,404/874-7600,french
ciboulette restaurant,1529 piedmont ave.,atlanta,404-874-7600,french (new)
delectables,1 margaret mitchell sq.,atlanta,404/681-2909,american
delectables,1 margaret mitchell sq.,atlanta,404-681-2909,cafeterias
georgia grille,2290 peachtree rd.  peachtree square shopping center,atlanta,404/352-3517,american
georgia grille,2290 peachtree rd.,atlanta,404-352-3517,southwestern
hedgerose heights inn,490 e. paces ferry rd.,atlanta,404/233-7673,international
hedgerose heights inn  the,490 e. paces ferry rd. ne,atlanta,404-233-7673,continental
heera of india,595 piedmont ave.  rio shopping mall,atlanta,404/876-4408,asian
heera of india,595 piedmont ave.,atlanta,404-876-4408,indian
indigo coastal grill,1397 n. highland ave.,atlanta,404/876-0676,caribbean
indigo coastal grill,1397 n. highland ave.,atlanta,404-876-0676,eclectic
la grotta,2637 peachtree rd.  peachtree house condominium,atlanta,404/231-1368,italian
la grotta,2637 peachtree rd. ne,atlanta,404-231-1368,italian
mary mac's tea room,224 ponce de leon ave.,atlanta,404/876-1800,southern
mary mac's tea room,224 ponce de leon ave.,atlanta,404-876-1800,southern/soul
nikolai's roof,255 courtland st.  at harris st.,atlanta,404/221-6362,continental
nikolai's roof,255 courtland st.,atlanta,404-221-6362,continental
pano's and paul's,1232 w. paces ferry rd.,atlanta,404/261-3662,international
pano's & paul's,1232 w. paces ferry rd.,atlanta,404-261-3662,american (new)
cafe  ritz-carlton  buckhead,3434 peachtree rd.,atlanta,404/237-2700,ext 6108 international
ritz-carlton cafe (buckhead),3434 peachtree rd. ne,atlanta,404-237-2700,american (new)
dining room  ritz-carlton  buckhead,3434 peachtree rd.,atlanta,404/237-2700,international
ritz-carlton dining room (buckhead),3434 peachtree rd. ne,atlanta,404-237-2700,american (new)
restaurant  ritz-carlton  atlanta,181 peachtree st.,atlanta,404/659-0400,continental
ritz-carlton restaurant,181 peachtree st.,atlanta,404-659-0400,french (classic)
toulouse,b peachtree rd.,atlanta,404/351-9533,french
toulouse,293-b peachtree rd.,atlanta,404-351-9533,french (new)
veni vidi vici,41 14th st.,atlanta,404/875-8424,italian
veni vidi vici,41 14th st.,atlanta,404-875-8424,italian
alain rondelli,126 clement st.,san francisco,415/387-0408,french
alain rondelli,126 clement st.,san francisco,415-387-0408,french (new)
aqua,252 california st.,san francisco,415/956-9662,seafood
aqua,252 california st.,san francisco,415-956-9662,american (new)
boulevard,1 mission st.,san francisco,415/543-6084,american
boulevard,1 mission st.,san francisco,415-543-6084,american (new)
cafe claude,7 claude la.,san francisco,415/392-3505,french
cafe claude,7 claude ln.,san francisco,415-392-3505,french bistro
campton place,340 stockton st.,san francisco,415/955-5555,american
campton place,340 stockton st.,san francisco,415-955-5555,american (new)
chez michel,804 northpoint,san francisco,415/775-7036,french
chez michel,804 north point st.,san francisco,415-775-7036,californian
fleur de lys,777 sutter st.,san francisco,415/673-7779,french
fleur de lys,777 sutter st.,san francisco,415-673-7779,french (new)
fringale,570 4th st.,san francisco,415/543-0573,french
fringale,570 fourth st.,san francisco,415-543-0573,french bistro
hawthorne lane,22 hawthorne st.,san francisco,415/777-9779,american
hawthorne lane,22 hawthorne st.,san francisco,415-777-9779,californian
khan toke thai house,5937 geary blvd.,san francisco,415/668-6654,asian
khan toke thai house,5937 geary blvd.,san francisco,415-668-6654,thai
la folie,2316 polk st.,san francisco,415/776-5577,french
la folie,2316 polk st.,san francisco,415-776-5577,french (new)
lulu,816 folsom st.,san francisco,415/495-5775,mediterranean
lulu restaurant-bis-cafe,816 folsom st.,san francisco,415-495-5775,mediterranean
masa's,648 bush st.,san francisco,415/989-7154,french
masa's,648 bush st.,san francisco,415-989-7154,french (new)
mifune japan center  kintetsu building,1737 post st.,san francisco,415/922-0337,asian
mifune,1737 post st.,san francisco,415-922-0337,japanese
plumpjack cafe,3201 fillmore st.,san francisco,415/563-4755,mediterranean
plumpjack cafe,3127 fillmore st.,san francisco,415-563-4755,american (new)
postrio,545 post st.,san francisco,415/776-7825,american
postrio,545 post st.,san francisco,415-776-7825,californian
ritz-carlton restaurant and dining room,600 stockton st.,san francisco,415/296-7465,american
ritz-carlton dining room (san francisco),600 stockton st.,san francisco,415-296-7465,french (new)
rose pistola,532 columbus ave.,san francisco,415/399-0499,italian
rose pistola,532 columbus ave.,san francisco,415-399-0499,italian
adriano's ristorante,2930 beverly glen circle,los angeles,310/475-9807,italian
barney greengrass,9570 wilshire blvd.,beverly hills,310/777-5877,american
beaurivage,26025 pacific coast hwy.,malibu,310/456-5733,french
bistro garden,176 n. canon dr.,los angeles,310/550-3900,californian
border grill,4th st.,los angeles,310/451-1655,mexican
broadway deli,3rd st. promenade,santa monica,310/451-0616,american
ca'brea,346 s. la brea ave.,los angeles,213/938-2863,italian
ca'del sol,4100 cahuenga blvd.,los angeles,818/985-4669,italian
cafe pinot,700 w. fifth st.,los angeles,213/239-6500,californian
california pizza kitchen,207 s. beverly dr.,los angeles,310/275-1101,californian
canter's,419 n. fairfax ave.,los angeles,213/651-2030.,american
cava,3rd st.,los angeles,213/658-8898,mediterranean
cha cha cha,656 n. virgil ave.,los angeles,213/664-7723,caribbean
chan dara,310 n. larchmont blvd.,los angeles,213/467-1052,asian
clearwater cafe,168 w. colorado blvd.,los angeles,818/356-0959,health food
dining room,9500 wilshire blvd.,los angeles,310/275-5200,californian
dive!,10250 santa monica blvd.,los angeles,310/788-,dive american
drago,2628 wilshire blvd.,santa monica,310/828-1585,italian
drai's,730 n. la cienega blvd.,los angeles,310/358-8585,french
dynasty room,930 hilgard ave.,los angeles,310/208-8765,continental
eclipse,8800 melrose ave.,los angeles,310/724-5959,californian
ed debevic's,134 n. la cienega,los angeles,310/659-1952,american
el cholo,1121 s. western ave.,los angeles,213/734-2773,mexican
gilliland's,2424 main st.,santa monica,310/392-3901,american
gladstone's,4 fish 17300 pacific coast hwy. at sunset blvd.,pacific palisades,310/454-3474,american
hard rock cafe,8600 beverly blvd.,los angeles,310/276-7605,american
harry's bar & american grill,2020 ave. of the stars,los angeles,310/277-2333,italian
il fornaio cucina italiana,301 n. beverly dr.,los angeles,310/550-8330,italian
jack sprat's grill,10668 w. pico blvd.,los angeles,310/837-6662,health food
jackson's farm,439 n. beverly drive,los angeles,310/273-5578,californian
jimmy's,201 moreno dr.,los angeles,310/552-2394,continental
joss,9255 sunset blvd.,los angeles,310/276-1886,asian
le colonial,8783 beverly blvd.,los angeles,310/289-0660,asian
le dome,8720 sunset blvd.,los angeles,310/659-6919,french
louise's trattoria,4500 los feliz blvd.,los angeles,213/667-0777,italian
mon kee seafood restaurant,679 n. spring st.,los angeles,213/628-6717,asian
morton's,8764 melrose ave.,los angeles,310/276-5205,american
nate 'n' al's,414 n. beverly dr.,los angeles,310/274-0101,american
nicola,601 s. figueroa st.,los angeles,213/485-0927,american
ocean avenue,1401 ocean ave.,santa monica,310/394-5669,american
orleans,11705 national blvd.,los angeles,310/479-4187,cajun
pacific dining car,6th st.,los angeles,213/483-6000,american
paty's,10001 riverside dr.,toluca lake,818/761-9126,american
pinot hollywood,1448 n. gower st.,los angeles,213/461-8800,californian
posto,14928 ventura blvd.,sherman oaks,818/784-4400,italian
prego,362 n. camden dr.,los angeles,310/277-7346,italian
rj's the rib joint,252 n. beverly dr.,los angeles,310/274-7427,american
remi,3rd st. promenade,santa monica,310/393-6545,italian
restaurant horikawa,111 s. san pedro st.,los angeles,213/680-9355,asian
roscoe's house of chicken 'n' waffles,1514 n. gower st.,los angeles,213/466-9329,american
schatzi on main,3110 main st.,los angeles,310/399-4800,continental
sofi,3rd st.,los angeles,213/651-0346,mediterranean
swingers,8020 beverly blvd.,los angeles,213/653-5858,american
tavola calda,7371 melrose ave.,los angeles,213/658-6340,italian
the mandarin,430 n. camden dr.,los angeles,310/859-0926,asian
tommy tang's,7313 melrose ave.,los angeles,213/937-5733,asian
tra di noi,3835 cross creek rd.,los angeles,310/456-0169,italian
trader vic's,9876 wilshire blvd.,los angeles,310/276-6345,asian
vida,1930 north hillhurst ave.,los feliz,213/660-4446,american
west beach cafe,60 n. venice blvd.,los angeles,310/823-5396,american
20 mott,20 mott st.  between bowery and pell st.,new york,212/964-0380,asian
9 jones street,9 jones st.,new york,212/989-1220,american
adrienne,700 5th ave. at 55th st.,new york,212/903-3918,french
agrotikon,322 e. 14 st.  between 1st and 2nd aves.,new york,212/473-2602,mediterranean
aja,937 broadway at 22nd st.,new york,212/473-8388,american
alamo,304 e. 48th st.,new york,212/ 759-0590,mexican
alley's end,311 w. 17th st.,new york,212/627-8899,american
ambassador grill,1 united nations plaza at 44th st.,new york,212/702-5014,american
american place,2 park ave. at 32nd st.,new york,212/684-2122,american
anche vivolo,222 e. 58th st.  between 2nd and 3rd aves.,new york,212/308-0112,italian
arizona,206 206 e. 60th st.,new york,212/838-0440,american
arturo's,106 w. houston st.  off thompson st.,new york,212/677-3820,italian
au mandarin,200-250 vesey st. world financial center,new york,212/385-0313,asian
bar anise,1022 3rd ave.  between 60th and 61st sts.,new york,212/355-1112,mediterranean
barbetta,321 w. 46th st.,new york,212/246-9171,italian
ben benson's,123 w. 52nd st.,new york,212/581-8888,american
big cup,228 8th ave.  between 21st and 22nd sts.,new york,212/206-0059,coffee bar
billy's,948 1st ave.  between 52nd and 53rd sts.,new york,212/753-1870,american
boca chica,13 1st ave.  near 1st st.,new york,212/473-0108,latin american
bolo,23 e. 22nd st.,new york,212/228-2200,mediterranean
boonthai,1393a 2nd ave.  between 72nd and 73rd sts.,new york,212/249-8484,asian
bouterin,420 e. 59th st.  off 1st ave.,new york,212/758-0323,french
brothers bar-b-q,225 varick st. at clarkston st.,new york,212/727-2775,american
bruno,240 e. 58th st.,new york,212/688-4190,italian
bryant park grill  roof restaurant and bp cafe,25 w. 40th st.  between 5th and 6th aves.,new york,212/840-6500,american
c3,103 waverly pl.  near washington sq.,new york,212/254-1200,american
ct,111 e. 22nd st.  between park ave. s and lexington ave.,new york,212/995-8500,french
cafe bianco,1486 2nd ave.  between 77th and 78th sts.,new york,212/988-2655,coffee bar
cafe botanica,160 central park s,new york,212/484-5120,french
cafe la fortuna,69 w. 71st st.,new york,212/724-5846,coffee bar
cafe luxembourg,200 w. 70th st.,new york,212/873-7411,french
cafe pierre,2 e. 61st st.,new york,212/940-8185,french
cafe centro,200 park ave.  between 45th st. and vanderbilt ave.,new york,212/818-1222,french
cafe fes,246 w. 4th st. at charles st.,new york,212/924-7653,mediterranean
caffe dante,81 macdougal st.  between houston and bleeker sts.,new york,212/982-5275,coffee bar
caffe dell'artista,46 greenwich ave.,new york,212/645-4431,coffee bar
caffe lure,169 sullivan st.  between houston and bleecker sts.,new york,212/473-2642,french
caffe reggio,119 macdougal st.  between 3rd and bleecker sts.,new york,212/475-9557,coffee bar
caffe roma,385 broome st. at mulberry,new york,212/226-8413,coffee bar
caffe vivaldi,32 jones st. at bleecker st.,new york,212/691-7538,coffee bar
caffe bondi ristorante,7 w. 20th st.,new york,212/691-8136,italian
capsouto freres,451 washington st.  near watts st.,new york,212/966-4900,french
captain's table,860 2nd ave. at 46th st.,new york,212/697-9538,seafood
casa la femme,150 wooster st.  between houston and prince sts.,new york,212/505-0005,middle eastern
cendrillon asian grill & marimba bar,45 mercer st.  between broome and grand sts.,new york,212/343-9012,asian
chez jacqueline,72 macdougal st.  between w. houston and bleecker sts.,new york,212/505-0727,french
chiam,160 e. 48th st.,new york,212/371-2323,asian
china grill,60 w. 53rd st.,new york,212/333-7788,american
cite,120 w. 51st st.,new york,212/956-7100,french
coco pazzo,23 e. 74th st.,new york,212/794-0205,italian
columbus bakery,53rd sts.,new york,212/421-0334,coffee bar
corrado cafe,1013 3rd ave.  between 60th and 61st sts.,new york,212/753-5100,coffee bar
cupcake cafe,522 9th ave. at 39th st.,new york,212/465-1530,coffee bar
da nico,164 mulberry st.  between grand and broome sts.,new york,212/343-1212,italian
dean & deluca,121 prince st.,new york,212/254-8776,coffee bar
diva,341 w. broadway  near grand st.,new york,212/941-9024,italian
dix et sept,181 w. 10th st.,new york,212/645-8023,french
docks,633 3rd ave. at 40th st.,new york,212/ 986-8080,seafood
duane park cafe,157 duane st.  between w. broadway and hudson st.,new york,212/732-5555,american
el teddy's,219 w. broadway  between franklin and white sts.,new york,212/941-7070,mexican
emily's,1325 5th ave. at 111th st.,new york,212/996-1212,american
empire korea,6 e. 32nd st.,new york,212/725-1333,asian
ernie's,2150 broadway  between 75th and 76th sts.,new york,212/496-1588,american
evergreen cafe,1288 1st ave. at 69th st.,new york,212/744-3266,asian
f. ille ponte ristorante,39 desbrosses st.  near west st.,new york,212/226-4621,italian
felix,340 w. broadway at grand st.,new york,212/431-0021,french
ferrier,29 e. 65th st.,new york,212/772-9000,french
fifty seven fifty seven,57 e. 57th st.,new york,212/758-5757,american
film center cafe,635 9th ave.  between 44th and 45th sts.,new york,212/ 262-2525,american
fiorello's roman cafe,1900 broadway  between 63rd and 64th sts.,new york,212/595-5330,italian
firehouse,522 columbus ave.  between 85th and 86th sts.,new york,212/595-3139,american
first,87 1st ave.  between 5th and 6th sts.,new york,212/674-3823,american
fishin eddie,73 w. 71st st.,new york,212/874-3474,seafood
fleur de jour,348 e. 62nd st.,new york,212/355-2020,coffee bar
flowers,21 west 17th st.  between 5th and 6th aves.,new york,212/691-8888,american
follonico,6 w. 24th st.,new york,212/691-6359,italian
fraunces tavern,54 pearl st. at broad st.,new york,212/269-0144,american
french roast,458 6th ave. at 11th st.,new york,212/533-2233,french
french roast cafe,2340 broadway at 85th st.,new york,212/799-1533,coffee bar
frico bar,402 w. 43rd st.  off 9th ave.,new york,212/564-7272,italian
fujiyama mama,467 columbus ave.  between 82nd and 83rd sts.,new york,212/769-1144,asian
gabriela's,685 amsterdam ave. at 93rd st.,new york,212/961-0574,mexican
gallagher's,228 w. 52nd st.,new york,212/245-5336,american
gianni's,15 fulton st.,new york,212/608-7300,seafood
girafe,208 e. 58th st.  between 2nd and 3rd aves.,new york,212/752-3054,italian
global,33 93 2nd ave.  between 5th and 6th sts.,new york,212/477-8427,american
golden unicorn,18 e. broadway at catherine st.,new york,212/ 941-0911,asian
grand ticino,228 thompson st.  between w. 3rd and bleecker sts.,new york,212/777-5922,italian
halcyon,151 w. 54th st.  in the rihga royal hotel,new york,212/468-8888,american
hard rock cafe,221 w. 57th st.,new york,212/489-6565,american
hi-life restaurant and lounge,1340 1st ave. at 72nd st.,new york,212/249-3600,american
home,20 cornelia st.  between bleecker and w. 4th st.,new york,212/243-9579,american
hudson river club,4 world financial center,new york,212/786-1500,american
i trulli,122 e. 27th st.  between lexington and park aves.,new york,212/481-7372,italian
il cortile,125 mulberry st.  between canal and hester sts.,new york,212/226-6060,italian
il nido,251 e. 53rd st.,new york,212/753-8450,italian
inca grill,492 broome st.  near w. broadway,new york,212/966-3371,latin american
indochine,430 lafayette st.  between 4th st. and astor pl.,new york,212/505-5111,asian
internet cafe,82 e. 3rd st.  between 1st and 2nd aves.,new york,212/ 614-0747,coffee bar
ipanema,13 w. 46th st.,new york,212/730-5848,latin american
jean lafitte,68 w. 58th st.,new york,212/751-2323,french
jewel of india,15 w. 44th st.,new york,212/869-5544,asian
jimmy sung's,219 e. 44th st.  between 2nd and 3rd aves.,new york,212/682-5678,asian
joe allen,326 w. 46th st.,new york,212/581-6464,american
judson grill,152 w. 52nd st.,new york,212/582-5252,american
l'absinthe,227 e. 67th st.,new york,212/794-4950,french
l'auberge,1191 1st ave.  between 64th and 65th sts.,new york,212/288-8791,middle eastern
l'auberge du midi,310 w. 4th st.  between w. 12th and bank sts.,new york,212/242-4705,french
l'udo,432 lafayette st.  near astor pl.,new york,212/388-0978,french
la reserve,4 w. 49th st.,new york,212/247-2993,french
lanza restaurant,168 1st ave.  between 10th and 11th sts.,new york,212/674-7014,italian
lattanzi ristorante,361 w. 46th st.,new york,212/315-0980,italian
layla,211 w. broadway at franklin st.,new york,212/431-0700,middle eastern
le chantilly,106 e. 57th st.,new york,212/751-2931,french
le colonial,149 e. 57th st.,new york,212/ 752-0808,asian
le gamin,50 macdougal st.  between houston and prince sts.,new york,212/254-4678,coffee bar
le jardin,25 cleveland pl.  near spring st.,new york,212/343-9599,french
le madri,168 w. 18th st.,new york,212/727-8022,italian
le marais,150 w. 46th st.,new york,212/869-0900,american
le perigord,405 e. 52nd st.,new york,212/755-6244,french
le select,507 columbus ave.  between 84th and 85th sts.,new york,212/875-1993,american
les halles,411 park ave. s  between 28th and 29th sts.,new york,212/679-4111,french
lincoln tavern,51 w. 64th st.,new york,212/721-8271,american
lola,30 west 22nd st.  between 5th and 6th ave.,new york,212/675-6700,american
lucky strike,59 grand st.  between wooster st. and w. broadway,new york,212/941-0479,or 212/941-0772 american
mad fish,2182 broadway  between 77th and 78th sts.,new york,212/787-0202,seafood
main street,446 columbus ave.  between 81st and 82nd sts.,new york,212/873-5025,american
mangia e bevi,800 9th ave. at 53rd st.,new york,212/956-3976,italian
manhattan cafe,1161 1st ave.  between 63rd and 64th sts.,new york,212/888-6556,american
manila garden,325 e. 14th st.  between 1st and 2nd aves.,new york,212/777-6314,asian
marichu,342 e. 46th st.  between 1st and 2nd aves.,new york,212/370-1866,french
marquet patisserie,15 e. 12th st.  between 5th ave. and university pl.,new york,212/229-9313,coffee bar
match,160 mercer st.  between houston and prince sts.,new york,212/906-9173,american
matthew's,1030 3rd ave. at 61st st.,new york,212/838-4343,american
mavalli palace,46 e. 29th st.,new york,212/679-5535,asian
milan cafe and coffee bar,120 w. 23rd st.,new york,212/807-1801,coffee bar
monkey bar,60 e. 54th st.,new york,212/838-2600,american
montien,1134 1st ave.   between 62nd and 63rd sts.,new york,212/421-4433,asian
morton's,551 5th ave. at 45th st.,new york,212/972-3315,american
motown cafe,104 w. 57th st.  near 6th ave.,new york,212/581-8030,american
new york kom tang soot bul house,32 w. 32nd st.,new york,212/ 947-8482,asian
new york noodletown,28 1/2 bowery at bayard st.,new york,212/349-0923,asian
newsbar,2 w. 19th st.,new york,212/255-3996,coffee bar
odeon,145 w. broadway at thomas st.,new york,212/233-0507,american
orso,322 w. 46th st.,new york,212/489-7212,italian
osteria al droge,142 w. 44th st.,new york,212/944-3643,italian
otabe,68 e. 56th st.,new york,212/223-7575,asian
pacifica,138 lafayette st.  between canal and howard sts.,new york,212/941-4168,asian
palio,151 w. 51st. st.,new york,212/245-4850,italian
pamir,1065 1st ave.  at 58th st.,new york,212/644-9258,middle eastern
parioli romanissimo,24 e. 81st st.,new york,212/288-2391,italian
patria,250 park ave. s at 20th st.,new york,212/777-6211,latin american
peacock alley,301 park ave.  between 49th and 50th sts.,new york,212/872-4895,french
pen & pencil,205 e. 45th st.,new york,212/682-8660,american
penang soho,109 spring st.  between greene and mercer sts.,new york,212/274-8883,asian
persepolis,1423 2nd ave.  between 74th and 75th sts.,new york,212/535-1100,middle eastern
planet hollywood,140 w. 57th st.,new york,212/333-7827,american
pomaire,371 w. 46th st.  off 9th ave.,new york,212/ 956-3055,latin american
popover cafe,551 amsterdam ave.  between 86th and 87th sts.,new york,212/595-8555,american
post house,28 e. 63rd st.,new york,212/935-2888,american
rain,100 w. 82nd st.,new york,212/501-0776,asian
red tulip,439 e. 75th st.,new york,212/734-4893,eastern european
remi,145 w. 53rd st.,new york,212/581-4242,italian
republic,37a union sq. w  between 16th and 17th sts.,new york,212/627-7172,asian
roettelle a. g,126 e. 7th st.  between 1st ave. and ave. a,new york,212/674-4140,continental
rosa mexicano,1063 1st ave. at 58th st.,new york,212/753-7407,mexican
ruth's chris,148 w. 51st st.,new york,212/245-9600,american
s.p.q.r,133 mulberry st.  between hester and grand sts.,new york,212/925-3120,italian
sal anthony's,55 irving pl.,new york,212/982-9030,italian
sammy's roumanian steak house,157 chrystie st. at delancey st.,new york,212/673-0330,east european
san pietro,18 e. 54th st.,new york,212/753-9015,italian
sant ambroeus,1000 madison ave.  between 77th and 78th sts.,new york,212/570-2211,coffee bar
sarabeth's kitchen,423 amsterdam ave.  between 80th and 81st sts.,new york,212/496-6280,american
sea grill,19 w. 49th st.,new york,212/332-7610,seafood
serendipity,3 225 e. 60th st.,new york,212/838-3531,american
seventh regiment mess and bar,643 park ave. at 66th st.,new york,212/744-4107,american
sfuzzi,58 w. 65th st.,new york,212/873-3700,american
shaan,57 w. 48th st.,new york,212/ 977-8400,asian
sofia fabulous pizza,1022 madison ave.  near 79th st.,new york,212/734-2676,italian
spring street natural restaurant & bar,62 spring st. at lafayette st.,new york,212/966-0290,american
stage deli,834 7th ave.  between 53rd and 54th sts.,new york,212/245-7850,delicatessen
stingray,428 amsterdam ave.  between 80th and 81st sts.,new york,212/501-7515,seafood
sweet'n'tart cafe,76 mott st. at canal st.,new york,212/334-8088,asian
t salon,143 mercer st. at prince st.,new york,212/925-3700,coffee bar
tang pavillion,65 w. 55th st.,new york,212/956-6888,asian
tapika,950 8th ave. at 56th st.,new york,212/ 397-3737,american
teresa's,103 1st ave.  between 6th and 7th sts.,new york,212/228-0604,east european
terrace,400 w. 119th st.  between amsterdam and morningside aves.,new york,212/666-9490,continental
the coffee pot,350 9th ave. at 49th st.,new york,212/265-3566,coffee bar
the savannah club,2420 broadway at 89th st.,new york,212/496-1066,american
trattoria dell'arte,900 7th ave.  between 56th and 57th sts.,new york,212/245-9800,italian
triangolo,345 e. 83rd st.,new york,212/472-4488,italian
tribeca grill,375 greenwich st.  near franklin st.,new york,212/941-3900,american
trois jean,154 e. 79th st.  between lexington and 3rd aves.,new york,212/988-4858,coffee bar
tse yang,34 e. 51st st.,new york,212/688-5447,asian
turkish kitchen,386 3rd ave.  between 27th and 28th sts.,new york,212/679-1810,middle eastern
two two two,222 w. 79th st.,new york,212/799-0400,american
veniero's pasticceria,342 e. 11th st.  near 1st ave.,new york,212/674-7264,coffee bar
verbena,54 irving pl. at 17th st.,new york,212/260-5454,american
victor's cafe,52 236 w. 52nd st.,new york,212/586-7714,latin american
vince & eddie's,70 w. 68th st.,new york,212/721-0068,american
vong,200 e. 54th st.,new york,212/486-9592,american
water club,500 e. 30th st.,new york,212/683-3333,american
west,63rd street steakhouse 44 w. 63rd st.,new york,212/246-6363,american
xunta,174 1st ave.  between 10th and 11th sts.,new york,212/614-0620,mediterranean
zen palate,34 union sq. e at 16th st.,new york,212/614-9291,and 212/614-9345 asian
zoe,90 prince st.  between broadway and mercer st.,new york,212/966-6722,american
abbey,163 ponce de leon ave.,atlanta,404/876-8532,international
aleck's barbecue heaven,783 martin luther king jr. dr.,atlanta,404/525-2062,barbecue
annie's thai castle,3195 roswell rd.,atlanta,404/264-9546,asian
anthonys,3109 piedmont rd.  just south of peachtree rd.,atlanta,404/262-7379,american
atlanta fish market,265 pharr rd.,atlanta,404/262-3165,american
beesley's of buckhead,260 e. paces ferry road,atlanta,404/264-1334,continental
bertolini's,3500 peachtree rd.  phipps plaza,atlanta,404/233-2333,italian
bistango,1100 peachtree st.,atlanta,404/724-0901,mediterranean
cafe renaissance,7050 jimmy carter blvd.  norcross,atlanta,770/441--0291,american
camille's,1186 n. highland ave.,atlanta,404/872-7203,italian
cassis,3300 peachtree rd.  grand hyatt,atlanta,404/365-8100,mediterranean
city grill,50 hurt plaza,atlanta,404/524-2489,international
coco loco,40  buckhead crossing mall on the sidney marcus blvd.,atlanta,404/364-0212,caribbean
colonnade restaurant,1879 cheshire bridge rd.,atlanta,404/874-5642,southern
dante's down the hatch  buckhead,3380 peachtree rd.,atlanta,404/266-1600,continental
dante's down the hatch,underground underground mall  underground atlanta,atlanta,404/577-1800,continental
fat matt's rib shack,1811 piedmont ave.  near cheshire bridge rd.,atlanta,404/607-1622,barbecue
french quarter food shop,923 peachtree st.  at 8th st.,atlanta,404/875-2489,southern
holt bros. bar-b-q,6359 jimmy carter blvd.  at buford hwy.  norcross,atlanta,770/242-3984,barbecue
horseradish grill,4320 powers ferry rd.,atlanta,404/255-7277,southern
hsu's gourmet,192 peachtree center ave.  at international blvd.,atlanta,404/659-2788,asian
imperial fez,2285 peachtree rd.  peachtree battle condominium,atlanta,404/351-0870,mediterranean
kamogawa,3300 peachtree rd.  grand hyatt,atlanta,404/841-0314,asian
la grotta at ravinia dunwoody rd.,holiday inn/crowne plaza at ravinia  dunwoody,atlanta,770/395-9925,italian
little szechuan,c buford hwy.  northwoods plaza  doraville,atlanta,770/451-0192,asian
lowcountry barbecue,6301 roswell rd.  sandy springs plaza  sandy springs,atlanta,404/255-5160,barbecue
luna si,1931 peachtree rd.,atlanta,404/355-5993,continental
mambo restaurante cubano,1402 n. highland ave.,atlanta,404/874-2626,caribbean
mckinnon's louisiane,3209 maple dr.,atlanta,404/237-1313,southern
mi spia dunwoody rd.,park place  across from perimeter mall  dunwoody,atlanta,770/393-1333,italian
nickiemoto's: a sushi bar,247 buckhead ave.  east village sq.,atlanta,404/842-0334,fusion
palisades,1829 peachtree rd.,atlanta,404/350-6755,continental
pleasant peasant,555 peachtree st.  at linden ave.,atlanta,404/874-3223,american
pricci,500 pharr rd.,atlanta,404/237-2941,italian
r.j.'s uptown kitchen & wine bar,870 n. highland ave.,atlanta,404/875-7775,american
rib ranch,25 irby ave.,atlanta,404/233-7644,barbecue
sa tsu ki,3043 buford hwy.,atlanta,404/325-5285,asian
sato sushi and thai,6050 peachtree pkwy.  norcross,atlanta,770/449-0033,asian
south city kitchen,1144 crescent ave.,atlanta,404/873-7358,southern
south of france,2345 cheshire bridge rd.,atlanta,404/325-6963,french
stringer's fish camp and oyster bar,3384 shallowford rd.  chamblee,atlanta,770/458-7145,southern
sundown cafe,2165 cheshire bridge rd.,atlanta,404/321-1118,american
taste of new orleans,889 w. peachtree st.,atlanta,404/874-5535,southern
tomtom,3393 peachtree rd.,atlanta,404/264-1163,continental
antonio's,3700 w. flamingo,las vegas,702/252-7737,italian
bally's big kitchen,3645 las vegas blvd. s,las vegas,702/739-4111,buffets
bamboo garden,4850 flamingo rd.,las vegas,702/871-3262,asian
battista's hole in the wall,4041 audrie st. at flamingo rd.,las vegas,702/732-1424,italian
bertolini's,3570 las vegas blvd. s,las vegas,702/735-4663,italian
binion's coffee shop,128 fremont st.,las vegas,702/382-1600,coffee shops/diners
bistro,3400 las vegas blvd. s,las vegas,702/791-7111,continental
broiler,4111 boulder hwy.,las vegas,702/432-7777,american
bugsy's diner,3555 las vegas blvd. s,las vegas,702/733-3111,coffee shops/diners
cafe michelle,1350 e. flamingo rd.,las vegas,702/735-8686,american
cafe roma,3570 las vegas blvd. s,las vegas,702/731-7547,coffee shops/diners
capozzoli's,3333 s. maryland pkwy.,las vegas,702/731-5311,italian
carnival world,3700 w. flamingo rd.,las vegas,702/252-7777,buffets
center stage plaza hotel,1 main st.,las vegas,702/386-2512,american
circus circus,2880 las vegas blvd. s,las vegas,702/734-0410,buffets
empress court,3570 las vegas blvd. s,las vegas,702/731-7888,asian
feast,2411 w. sahara ave.,las vegas,702/367-2411,buffets
golden nugget hotel,129 e. fremont st.,las vegas,702/385-7111,buffets
golden steer,308 w. sahara ave.,las vegas,702/384-4470,steak houses
lillie langtry's,129 e. fremont st.,las vegas,702/385-7111,asian
mandarin court,1510 e. flamingo rd.,las vegas,702/737-1234,asian
margarita's mexican cantina,3120 las vegas blvd. s,las vegas,702/794-8200,mexican
mary's diner,5111 w. boulder hwy.,las vegas,702/454-8073,coffee shops/diners
mikado,3400 las vegas blvd. s,las vegas,702/791-7111,asian
pamplemousse,400 e. sahara ave.,las vegas,702/733-2066,continental
ralph's diner,3000 las vegas blvd. s,las vegas,702/732-6330,coffee shops/diners
the bacchanal,3570 las vegas blvd. s,las vegas,702/731-7525,only in las vegas
venetian,3713 w. sahara ave.,las vegas,702/876-4190,italian
viva mercado's,6182 w. flamingo rd.,las vegas,702/871-8826,mexican
yolie's,3900 paradise rd.,las vegas,702/794-0700,steak houses
2223,2223 market st.,san francisco,415/431-0692,american
acquarello,1722 sacramento st.,san francisco,415/567-5432,italian
bardelli's,243 o'farrell st.,san francisco,415/982-0243,old san francisco
betelnut,2030 union st.,san francisco,415/929-8855,asian
bistro roti,155 steuart st.,san francisco,415/495-6500,french
bix,56 gold st.,san francisco,415/433-6300,american
bizou,598 fourth st.,san francisco,415/543-2222,french
buca giovanni,800 greenwich st.,san francisco,415/776-7766,italian
cafe adriano,3347 fillmore st.,san francisco,415/474-4180,italian
cafe marimba,2317 chestnut st.,san francisco,415/776-1506,mexican/latin american/spanish
california culinary academy,625 polk st.,san francisco,415/771-3500,french
capp's corner,1600 powell st.,san francisco,415/989-2589,italian
carta,1772 market st.,san francisco,415/863-3516,american
chevys,4th and howard sts.,san francisco,415/543-8060,mexican/latin american/spanish
cypress club,500 jackson st.,san francisco,415/296-8555,american
des alpes,732 broadway,san francisco,415/788-9900,french
faz,161 sutter st.,san francisco,415/362-0404,greek and middle eastern
fog city diner,1300 battery st.,san francisco,415/982-2000,american
garden court,market and new montgomery sts.,san francisco,415/546-5011,old san francisco
gaylord's,ghirardelli sq.,san francisco,415/771-8822,asian
grand cafe hotel monaco,501 geary st.,san francisco,415/292-0101,american
greens,bldg. a fort mason,san francisco,415/771-6222,vegetarian
harbor village,4 embarcadero center,san francisco,415/781-8833,asian
harris',2100 van ness ave.,san francisco,415/673-1888,steak houses
harry denton's,161 steuart st.,san francisco,415/882-1333,american
hayes street grill,320 hayes st.,san francisco,415/863-5545,seafood
helmand,430 broadway,san francisco,415/362-0641,greek and middle eastern
hong kong flower lounge,5322 geary blvd.,san francisco,415/668-8998,asian
hong kong villa,2332 clement st.,san francisco,415/752-8833,asian
hyde street bistro,1521 hyde st.,san francisco,415/441-7778,italian
il fornaio levi's plaza,1265 battery st.,san francisco,415/986-0100,italian
izzy's steak & chop house,3345 steiner st.,san francisco,415/563-0487,steak houses
jack's,615 sacramento st.,san francisco,415/986-9854,old san francisco
kabuto sushi,5116 geary blvd.,san francisco,415/752-5652,asian
katia's,600 5th ave.,san francisco,415/668-9292,
kuleto's,221 powell st.,san francisco,415/397-7720,italian
kyo-ya. sheraton palace hotel,2 new montgomery st.  at market st.,san francisco,415/546-5000,asian
l'osteria del forno,519 columbus ave.,san francisco,415/982-1124,italian
le central,453 bush st.,san francisco,415/391-2233,french
le soleil,133 clement st.,san francisco,415/668-4848,asian
macarthur park,607 front st.,san francisco,415/398-5700,american
manora,3226 mission st.,san francisco,415/861-6224,asian
maykadeh,470 green st.,san francisco,415/362-8286,greek and middle eastern
mccormick & kuleto's,ghirardelli sq.,san francisco,415/929-1730,seafood
millennium,246 mcallister st.,san francisco,415/487-9800,vegetarian
moose's,1652 stockton st.,san francisco,415/989-7800,mediterranean
north india,3131 webster st.,san francisco,415/931-1556,asian
one market,1 market st.,san francisco,415/777-5577,american
oritalia,1915 fillmore st.,san francisco,415/346-1333,italian
pacific pan pacific hotel,500 post st.,san francisco,415/929-2087,french
palio d'asti,640 sacramento st.,san francisco,415/395-9800,italian
pane e vino,3011 steiner st.,san francisco,415/346-2111,italian
pastis,1015 battery st.,san francisco,415/391-2555,french
perry's,1944 union st.,san francisco,415/922-9022,american
r&g lounge,631 b kearny st.,san francisco,415/982-7877,or 415/982-3811 asian
rubicon,558 sacramento st.,san francisco,415/434-4100,american
rumpus,1 tillman pl.,san francisco,415/421-2300,american
sanppo,1702 post st.,san francisco,415/346-3486,asian
scala's bistro,432 powell st.,san francisco,415/395-8555,italian
south park cafe,108 south park,san francisco,415/495-7275,french
splendido embarcadero,4,san francisco,415/986-3222,mediterranean
stars,150 redwood alley,san francisco,415/861-7827,american
stars cafe,500 van ness ave.,san francisco,415/861-4344,american
stoyanof's cafe,1240 9th ave.,san francisco,415/664-3664,greek and middle eastern
straits cafe,3300 geary blvd.,san francisco,415/668-1783,asian
suppenkuche,601 hayes st.,san francisco,415/252-9289,russian/german
tadich grill,240 california st.,san francisco,415/391-2373,seafood
the heights,3235 sacramento st.,san francisco,415/474-8890,french
thepin,298 gough st.,san francisco,415/863-9335,asian
ton kiang,3148 geary blvd.,san francisco,415/752-4440,asian
vertigo,600 montgomery st.,san francisco,415/433-7250,mediterranean
vivande porta via,2125 fillmore st.,san francisco,415/346-4430,italian
vivande ristorante,670 golden gate ave.,san francisco,415/673-9245,italian
world wrapps,2257 chestnut st.,san francisco,415/563-9727,american
wu kong,101 spear st.,san francisco,415/957-9300,asian
yank sing,427 battery st.,san francisco,415/541-4949,asian
yaya cuisine,1220 9th ave.,san francisco,415/566-6966,greek and middle eastern
yoyo tsumami bistro,1611 post st.,san francisco,415/922-7788,french
zarzuela,2000 hyde st.,san francisco,415/346-0800,mexican/latin american/spanish
zuni cafe & grill,1658 market st.,san francisco,415/552-2522,mediterranean
apple pan  the,10801 w. pico blvd.,los angeles,310-475-3585,american
asahi ramen,2027 sawtelle blvd.,los angeles,310-479-2231,noodle shops
baja fresh,3345 kimber dr.,westlake village,805-498-4049,mexican
belvedere  the,9882 little santa monica blvd.,beverly hills,310-788-2306,pacific new wave
benita's frites,1433 third st. promenade,santa monica,310-458-2889,fast food
bernard's,515 s. olive st.,los angeles,213-612-1580,continental
bistro 45,45 s. mentor ave.,pasadena,818-795-2478,californian
brent's deli,19565 parthenia ave.,northridge,818-886-5679,delis
brighton coffee shop,9600 brighton way,beverly hills,310-276-7732,coffee shops
bristol farms market cafe,1570 rosecrans ave. s.,pasadena,310-643-5229,californian
bruno's,3838 centinela ave.,mar vista,310-397-5703,italian
cafe '50s,838 lincoln blvd.,venice,310-399-1955,american
cafe blanc,9777 little santa monica blvd.,beverly hills,310-888-0108,pacific new wave
cassell's,3266 w. sixth st.,los angeles,213-480-8668,hamburgers
chez melange,1716 pch,redondo beach,310-540-1222,eclectic
diaghilev,1020 n. san vicente blvd.,w. hollywood,310-854-1111,russian
don antonio's,1136 westwood blvd.,westwood,310-209-1422,italian
duke's,8909 sunset blvd.,w. hollywood,310-652-3100,coffee shops
falafel king,1059 broxton ave.,westwood,310-208-4444,middle eastern
feast from the east,1949 westwood blvd.,los angeles,310-475-0400,chinese
gumbo pot  the,6333 w. third st.,los angeles,213-933-0358,cajun/creole
hollywood hills coffee shop,6145 franklin ave.,hollywood,213-467-7678,coffee shops
indo cafe,10428 1/2 national blvd.,los angeles,310-815-1290,indonesian
jan's family restaurant,8424 beverly blvd.,los angeles,213-651-2866,coffee shops
jiraffe,502 santa monica blvd,santa monica,310-917-6671,californian
jody maroni's sausage kingdom,2011 ocean front walk,venice,310-306-1995,hot dogs
joe's,1023 abbot kinney blvd.,venice,310-399-5811,american (new)
john o'groats,10516 w. pico blvd.,los angeles,310-204-0692,coffee shops
johnnie's pastrami,4017 s. sepulveda blvd.,culver city,310-397-6654,delis
johnny reb's southern smokehouse,4663 long beach blvd.,long beach,310-423-7327,southern/soul
johnny rockets (la),7507 melrose ave.,los angeles,213-651-3361,american
killer shrimp,4000 colfax ave.,studio city,818-508-1570,seafood
kokomo cafe,6333 w. third st.,los angeles,213-933-0773,american
koo koo roo,8393 w. beverly blvd.,los angeles,213-655-9045,chicken
la cachette,10506 little santa monica blvd.,century city,310-470-4992,french (new)
la salsa (la),22800 pch,malibu,310-456-6299,mexican
la serenata de garibaldi,1842 e. first,st. boyle hts.,213-265-2887,mexican/tex-mex
langer's,704 s. alvarado st.,los angeles,213-483-8050,delis
local nochol,30869 thousand oaks blvd.,westlake village,818-706-7706,health food
main course  the,10509 w. pico blvd.,rancho park,310-475-7564,american
mani's bakery & espresso bar,519 s. fairfax ave.,los angeles,213-938-8800,desserts
martha's,22nd street grill 25 22nd,st. hermosa beach,310-376-7786,american
maxwell's cafe,13329 washington blvd.,marina del rey,310-306-7829,american
michael's (los angeles),1147 third st.,santa monica,310-451-0843,californian
mishima,8474 w. third st.,los angeles,213-782-0181,noodle shops
mo better meatty meat,7261 melrose ave.,los angeles,213-935-5280,hamburgers
mulberry st.,17040 ventura blvd.,encino,818-906-8881,pizza
ocean park cafe,3117 ocean park blvd.,santa monica,310-452-5728,american
ocean star,145 n. atlantic blvd.,monterey park,818-308-2128,seafood
original pantry bakery,875 s. figueroa st. downtown,los angeles,213-627-6879,diners
parkway grill,510 s. arroyo pkwy.,pasadena,818-795-1001,californian
pho hoa,642 broadway,chinatown,213-626-5530,vietnamese
pink's famous chili dogs,709 n. la brea ave.,los angeles,213-931-4223,hot dogs
poquito mas,2635 w. olive ave.,burbank,818-563-2252,mexican
r-23,923 e. third st.,los angeles,213-687-7178,japanese
rae's,2901 pico blvd.,santa monica,310-828-7937,diners
rubin's red hots,15322 ventura blvd.,encino,818-905-6515,hot dogs
ruby's (la),45 s. fair oaks ave.,pasadena,818-796-7829,diners
russell's burgers,1198 pch,seal beach,310-596-9556,hamburgers
ruth's chris steak house (los angeles),224 s. beverly dr.,beverly hills,310-859-8744,steakhouses
shiro,1505 mission st. s.,pasadena,818-799-4774,pacific new wave
sushi nozawa,11288 ventura blvd.,studio city,818-508-7017,japanese
sweet lady jane,8360 melrose ave.,los angeles,213-653-7145,desserts
taiko,11677 san vicente blvd.,brentwood,310-207-7782,noodle shops
tommy's,2575 beverly blvd.,los angeles,213-389-9060,hamburgers
uncle bill's pancake house,1305 highland ave.,manhattan beach,310-545-5177,diners
water grill,544 s. grand ave.,los angeles,213-891-0900,seafood
zankou chicken,1415 e. colorado st.,glendale,818-244-1937,middle eastern
afghan kebab house,764 ninth ave.,new york,212-307-1612,afghan
arcadia,21 e. 62nd st.,new york,212-223-2900,american (new)
benny's burritos,93 ave. a,new york,212-254-2054,mexican
cafe con leche,424 amsterdam ave.,new york,212-595-7000,cuban
corner bistro,331 w. fourth st.,new york,212-242-9502,hamburgers
cucina della fontana,368 bleecker st.,new york,212-242-0636,italian
cucina di pesce,87 e. fourth st.,new york,212-260-6800,seafood
darbar,44 w. 56th st.,new york,212-432-7227,indian
ej's luncheonette,432 sixth ave.,new york,212-473-5555,diners
edison cafe,228 w. 47th st.,new york,212-840-5000,diners
elias corner,24-02 31st st.,queens,718-932-1510,greek
good enough to eat,483 amsterdam ave.,new york,212-496-0163,american
gray's papaya,2090 broadway,new york,212-799-0243,hot dogs
il mulino,86 w. third st.,new york,212-673-3783,italian
jackson diner,37-03 74th st.,queens,718-672-1232,indian
joe's shanghai,9 pell st.,queens,718-539-3838,chinese
john's pizzeria,48 w. 65th st.,new york,212-721-7001,pizza
kelley & ping,127 greene st.,new york,212-228-1212,pan-asian
kiev,117 second ave.,new york,212-674-4040,ukrainian
kuruma zushi,2nd fl.,new york,212-317-2802,japanese
la caridad,2199 broadway,new york,212-874-2780,cuban
la grenouille,3 e. 52nd st.,new york,212-752-1495,french (classic)
lemongrass grill,61a seventh ave.,new york,718-399-7100,thai
lombardi's,32 spring st.,new york,212-941-7994,pizza
marnie's noodle shop,466 hudson st.,new york,212-741-3214,asian
menchanko-tei,39 w. 55th st.,new york,212-247-1585,japanese
mitali east-west,296 bleecker st.,new york,212-989-1367,indian
monsoon (ny),435 amsterdam ave.,new york,212-580-8686,thai
moustache,405 atlantic ave.,new york,718-852-5555,middle eastern
nobu,105 hudson st.,new york,212-219-0500,japanese
one if by land  tibs,17 barrow st.,new york,212-228-0822,continental
oyster bar,lower level,new york,212-490-6650,seafood
palm,837 second ave.,new york,212-687-2953,steakhouses
palm too,840 second ave.,new york,212-697-5198,steakhouses
patsy's pizza,19 old fulton st.,new york,718-858-4300,pizza
peter luger steak house,178 broadway,new york,718-387-7400,steakhouses
rose of india,308 e. sixth st.,new york,212-533-5011,indian
sam's noodle shop,411 third ave.,new york,212-213-2288,chinese
sarabeth's,1295 madison ave.,new york,212-410-7335,american
sparks steak house,210 e. 46th st.,new york,212-687-4855,steakhouses
stick to your ribs,5-16 51st ave.,queens,718-937-3030,bbq
sushisay,38 e. 51st st.,new york,212-755-1780,japanese
sylvia's,328 lenox ave.,new york,212-996-0660,southern/soul
szechuan hunan cottage,1588 york ave.,new york,212-535-5223,chinese
szechuan kitchen,1460 first ave.,new york,212-249-4615,chinese
teresa's,80 montague st.,queens,718-520-2910,polish
thai house cafe,151 hudson st.,new york,212-334-1085,thai
thailand restaurant,106 bayard st.,new york,212-349-3132,thai
veselka,144 second ave.,new york,212-228-9682,ukrainian
westside cottage,689 ninth ave.,new york,212-245-0800,chinese
windows on the world,107th fl.,new york,212-524-7000,eclectic
wollensky's grill,205 e. 49th st.,new york,212-753-0444,steakhouses
yama,122 e. 17th st.,new york,212-475-0969,japanese
zarela,953 second ave.,new york,212-644-6740,mexican
andre's french restaurant,401 s. 6th st.,las vegas,702-385-5016,french (classic)
buccaneer bay club,3300 las vegas blvd. s.,las vegas,702-894-7350,continental
buzio's in the rio,3700 w. flamingo rd.,las vegas,702-252-7697,seafood
emeril's new orleans fish house,3799 las vegas blvd. s.,las vegas,702-891-7374,seafood
fiore rotisserie & grille,3700 w. flamingo rd.,las vegas,702-252-7702,italian
hugo's cellar,202 e. fremont st.,las vegas,702-385-4011,continental
madame ching's,3300 las vegas blvd. s.,las vegas,702-894-7111,asian
mayflower cuisinier,4750 w. sahara ave.,las vegas,702-870-8432,chinese
michael's (las vegas),3595 las vegas blvd. s.,las vegas,702-737-7111,continental
monte carlo,3145 las vegas blvd. s.,las vegas,702-733-4524,french (new)
moongate,3400 las vegas blvd. s.,las vegas,702-791-7352,chinese
morton's of chicago (las vegas),3200 las vegas blvd. s.,las vegas,702-893-0703,steakhouses
nicky blair's,3925 paradise rd.,las vegas,702-792-9900,italian
piero's restaurant,355 convention center dr.,las vegas,702-369-2305,italian
spago (las vegas),3500 las vegas blvd. s.,las vegas,702-369-6300,californian
steakhouse  the,128 e. fremont st.,las vegas,702-382-1600,steakhouses
stefano's,129 fremont st.,las vegas,702-385-7111,italian
sterling brunch,3645 las vegas blvd. s.,las vegas,702-739-4651,eclectic
tre visi,3799 las vegas blvd. s.,las vegas,702-891-7331,italian
103 west,103 w. paces ferry rd.,atlanta,404-233-5993,continental
alon's at the terrace,659 peachtree st.,atlanta,404-724-0444,sandwiches
baker's cajun cafe,1134 euclid ave.,atlanta,404-223-5039,cajun/creole
barbecue kitchen,1437 virginia ave.,atlanta,404-766-9906,bbq
bistro  the,56 e. andrews dr. nw,atlanta,404-231-5733,french bistro
bobby & june's kountry kitchen,375 14th st.,atlanta,404-876-3872,southern/soul
bradshaw's restaurant,2911 s. pharr court,atlanta,404-261-7015,southern/soul
brookhaven cafe,4274 peachtree rd.,atlanta,404-231-5907,vegetarian
cafe sunflower,5975 roswell rd.,atlanta,404-256-1675,health food
canoe,4199 paces ferry rd.,atlanta,770-432-2663,american (new)
carey's,1021 cobb pkwy. se,marietta,770-422-8042,hamburgers
carey's corner,1215 powers ferry rd.,marietta,770-933-0909,hamburgers
chops,70 w. paces ferry rd.,atlanta,404-262-2675,steakhouses
chopstix,4279 roswell rd.,atlanta,404-255-4868,chinese
deacon burton's soulfood restaurant,1029 edgewood ave. se,atlanta,404-523-1929,southern/soul
eats,600 ponce de leon ave.,atlanta,404-888-9149,italian
flying biscuit  the,1655 mclendon ave.,atlanta,404-687-8888,eclectic
frijoleros,1031 peachtree st. ne,atlanta,404-892-8226,tex-mex
greenwood's,1087 green st.,roswell,770-992-5383,southern/soul
harold's barbecue,171 mcdonough blvd.,atlanta,404-627-9268,bbq
havana sandwich shop,2905 buford hwy.,atlanta,404-636-4094,cuban
house of chan,2469 cobb pkwy.,smyrna,770-955-9444,chinese
indian delights,3675 satellite blvd.,duluth,100-813-8212,indian
java jive,790 ponce de leon ave.,atlanta,404-876-6161,coffee shops
johnny rockets (at),2970 cobb pkwy.,atlanta,770-955-6068,american
kalo's coffee house,1248 clairmont rd.,decatur,404-325-3733,coffeehouses
la fonda latina,4427 roswell rd.,atlanta,404-303-8201,spanish
lettuce souprise you (at),3525 mall blvd.,duluth,770-418-9969,cafeterias
majestic,1031 ponce de leon ave.,atlanta,404-875-0276,diners
morton's of chicago (atlanta),303 peachtree st. ne,atlanta,404-577-4366,steakhouses
my thai,1248 clairmont rd.,atlanta,404-636-4280,thai
nava,3060 peachtree rd.,atlanta,404-240-1984,southwestern
nuevo laredo cantina,1495 chattahoochee ave. nw,atlanta,404-352-9009,mexican
original pancake house (at),4330 peachtree rd.,atlanta,404-237-4116,american
palm  the (atlanta),3391 peachtree rd. ne,atlanta,404-814-1955,steakhouses
rainbow restaurant,2118 n. decatur rd.,decatur,404-633-3538,vegetarian
ritz-carlton cafe (atlanta),181 peachtree st.,atlanta,404-659-0400,american (new)
riviera,519 e. paces ferry rd.,atlanta,404-262-7112,mediterranean
silver skillet  the,200 14th st. nw,atlanta,404-874-1388,coffee shops
soto,3330 piedmont rd.,atlanta,404-233-2005,japanese
thelma's kitchen,764 marietta st. nw,atlanta,404-688-5855,cafeterias
tortillas,774 ponce de leon ave. ne,atlanta,404-892-0193,tex-mex
van gogh's restaurant & bar,70 w. crossville rd.,roswell,770-993-1156,american (new)
veggieland,220 sandy springs circle,atlanta,404-231-3111,vegetarian
white house restaurant,3172 peachtree rd. ne,atlanta,404-237-7601,diners
zab-e-lee,4837 old national hwy.,college park,404-768-2705,thai
bill's place,2315 clement st.,san francisco,415-221-5262,hamburgers
cafe flore,2298 market st.,san francisco,415-621-8579,californian
caffe greco,423 columbus ave.,san francisco,415-397-6261,continental
campo santo,240 columbus ave.,san francisco,415-433-9623,mexican
cha cha cha's,1805 haight st.,san francisco,415-386-5758,caribbean
doidge's,2217 union st.,san francisco,415-921-2149,american
dottie's true blue cafe,522 jones st.,san francisco,415-885-2767,diners
dusit thai,3221 mission st.,san francisco,415-826-4639,thai
ebisu,1283 ninth ave.,san francisco,415-566-1770,japanese
emerald garden restaurant,1550 california st.,san francisco,415-673-1155,vietnamese
eric's chinese restaurant,1500 church st.,san francisco,415-282-0919,chinese
hamburger mary's,1582 folsom st.,san francisco,415-626-1985,hamburgers
kelly's on trinity,333 bush st.,san francisco,415-362-4454,californian
la cumbre,515 valencia st.,san francisco,415-863-8205,mexican
la mediterranee,288 noe st.,san francisco,415-431-7210,mediterranean
la taqueria,2889 mission st.,san francisco,415-285-7117,mexican
mario's bohemian cigar store cafe,2209 polk st.,san francisco,415-776-8226,italian
marnee thai,2225 irving st.,san francisco,415-665-9500,thai
mel's drive-in,3355 geary st.,san francisco,415-387-2244,hamburgers
mo's burgers,1322 grant st.,san francisco,415-788-3779,hamburgers
phnom penh cambodian restaurant,631 larkin st.,san francisco,415-775-5979,cambodian
roosevelt tamale parlor,2817 24th st.,san francisco,415-550-9213,mexican
sally's cafe & bakery,300 de haro st.,san francisco,415-626-6006,american
san francisco bbq,1328 18th st.,san francisco,415-431-8956,thai
slanted door,584 valencia st.,san francisco,415-861-8032,vietnamese
swan oyster depot,1517 polk st.,san francisco,415-673-1101,seafood
thep phanom,400 waller st.,san francisco,415-431-2526,thai
ti couz,3108 16th st.,san francisco,415-252-7373,french
trio cafe,1870 fillmore st.,san francisco,415-563-2248,american
tu lan,8 sixth st.,san francisco,415-626-0927,vietnamese
vicolo pizzeria,201 ivy st.,san francisco,415-863-2382,pizza
wa-ha-ka oaxaca mexican grill,2141 polk st.,san francisco,415-775-1055,mexican
